Segments:,2
Forename,Surname
Sleve,McDichael
Onson,Sweemey
Darryl,Archideld
Anatoli,Smorin
Rey,McSriff
Glenallen,Mixon
Mario,McRlawain
Raul,Chamgerlain
Kevin,Nogilny
Tony,Smehrik
Bobson,Dugnutt
Willie,Dustice
Jeromy,Gride
Scott,Dourque
Shown,Furcotte
Dean,Wesrey
Mike,Truk
Dwigt,Rortugal
Tim,Sandaele
Karl,Dandleton
Mike,Sernandez
Todd,Bonzalez
Nert,Bisels
Kenn,Nitvarn
Fergit,Hote
Coll,Bitzron
Lood,Janglosti
Taenis,Tellron
Marnel,Hary
Dony,Olerberz
Gin,Ginlons
Wob,Wonkoz
Tanny,Mlintnirt
Hudgyn,Sasdarl
Fraven,Pooth
Rarr,Dick
